Sydney - security,Sydney - resilience,Sydney - migration,Chennai - security,Chennai - resilience,Chennai - migration,Florida - security,Florida - resilience,Florida - migration,Alaska - security,Alaska - resilience,Alaska - migration,Kenya - security,Kenya - resilience,Kenya - migration,Singapore - security,Singapore - resilience,Singapore - migration,London - security,London - resilience,London - migration,Brazil - security,Brazil - resilience,Brazil - migration,Islands - security,Islands - resilience,Islands - migration,"""Saudi Arabia"" - security","""Saudi Arabia"" - resilience","""Saudi Arabia"" - migration"
australia,resilience,immigration,india,resilience,migration,trump,resilience,immigration,arctic,alaskans,alaskans,kenyans,resilience,migration,global,resilience,migration,protesters,reuters,immigration,brazilian,brazilian,migration,pacific,pacific,pacific,saudi,saudi,saudi
pacific,australia,australia,asia,india,india,republican,desantis,trump,alaskans,salmon,migration,agriculture,kenyan,kenyatta,minister,masagos,immigration,extinction,thomson,migration,united,environmental,brazilian,minister,minister,migration,arabia,arabia,arabia
minister,pacific,migration,global,floods,crisis,democratic,environmental,democratic,university,dunleavy,southeast,kenyatta,agriculture,africa,asean,asean,global,rebellion,foundation,migrants,global,ministry,global,china,resilience,adaptation,minister,coral,locust
university,risks,melbourne,pacific,global,global,flooding,university,migration,impacts,native,salmon,african,drought,kenyan,singaporeans,minister,lee,trump,resilience,trump,bolsonaro,deforestation,migrants,zealand,zealand,global,cooperation,reefs,swarms
australian,australian,australian,floods,vulnerable,asia,desantis,hurricane,miami,democrats,southeast,fisheries,sustainable,adaptation,african,cooperation,global,minister,global,trafficking,uk,nations,resilience,africa,economic,china,impacts,stability,unesco,prince
melbourne,global,migrants,agriculture,adaptation,floods,hurricane,flooding,republican,native,fisheries,university,africa,thomson,global,china,sustainable,philippines,uk,humanitarian,global,agricultural,coral,trump's,ministry,nations,solomon,yemeni,sites,outbreaks
global,emissions,minister,cooperation,sustainable,drought,impacts,miami,hurricane,global,resilience,dunleavy,sector,reuters,sustainable,lee,lee,floods,airport,charitable,crisis,economic,agriculture,risks,solomon,ministry,nations,riyadh,resilience,china
herald,university,abbott,prc,infrastructure,mumbai,global,impacts,election,adaptation,university,native,global,nairobi,g7,agreement,singaporeans,challenges,activists,global,protesters,european,reefs,pact,australia,solomon,zealand,global,ministry,xi
paris,nsw,global,devastating,indian,migrants,miami,coastal,university,indigenous,marine,ketchikan,uhuru,africa,terrorism,imports,risks,singaporeans,britain,women's,extinction,risks,indigenous,america,herald,sector,vanuatu,yemen,marine,fao
economic,adaptation,nsw,minister,coastal,karnataka,scott,state's,children,warming,trump,marine,economic,programme,summit,farms,asia,economy,minister,reporting,economic,china,paulo,agreement,fisheries,marine,warming,sustainability,global,sudan
agreement,scientists,morrison,mumbai,economic,pacific,environmental,ron,american,infrastructure,economic,senate,summit,sector,challenges,risks,strengthen,china,tackle,editing,rebellion,russia,minister,paris,rarotonga,herald,minister,economic,delegation,muhammad
warming,drought,infrastructure,economic,impacts,world's,students,global,migrants,economic,anchorage,highway,economy,global,immigration,ensure,vulnerable,united,economic,britain,eu,india,global,latin,marine,samoa,migrants,agreement,sustainable,migration
morrison,insurers,intake,institute,corridor,vulnerable,solutions,everglades,united,environmental,senate,arctic,nairobi,foundation,uhuru,dialogue,tackle,nations,paris,adapt,britain,terrorism,amazon,india,youth,rarotonga,challenges,bin,renewable,supports
impacts,herald,refugee,delhi,foundation,slum,campaign,scott,campaign,challenges,legislature,economic,drought,african,nairobi,asia,solutions,asean,campaign,floods,brexit,eu,s√£o,haiti,united,programme,united,prince,mena,southern
emissions,reef,economic,sustainable,adb,paris,university,republican,predicted,scientists,highway,impacts,programme,shillings,mara,agriculture,mitigate,university,crisis,warming,activists,rio,paris,china,nations,fiji,fiji,g20,kingdom's,reviewed
centre,mitigation,herald,indian,surat,scientists,united,adaptation,district,fairbanks,impacts,pacific,nutrition,farming,world's,defence,nations,scientists,university,slavery,paris,election,forestry,american,tourism,youth,environmental,summit,participated,praised
professor,minister,nations,ensuring,disasters,parched,resilience,palm,warming,emissions,bering,funding,ensure,sustainable,tanzania,strengthen,flood,vulnerable,brexit,risks,refugees,challenges,agribusiness,withdraw,sustainable,united,australia,trump,glacier,northern
nsw,melbourne,queensland,asian,tamil,hotspots,infrastructure,solutions,impacts,anchorage,arctic,anchorage,challenges,livelihoods,nations,united,farming,malaysia,environmental,impacts,european,trump,agreement,violent,puna,tourism,whales,salman,elgendy,g20
nations,invest,emissions,adb,nadu,bengaluru,college,scientists,economy,agreement,tribal,amhs,enhance,trafficking,drought,eu,united,economic,united,world's,donald,studies,constitution,sector,programme,infrastructure,economic,presidency,ecosystem,eritrea
labor,renewable,brisbane,paris,km,minister,education,professor,topics,walker,pacific,environmental,united,mitigation,wildebeest,disruptions,innovation,ica,terrorism,crisis,reuters,amazon,bolsonaro,russia,pearl,impacts,atolls,uae,bin,egypt
drought,nations,tony,defence,risks,institute,donald,funding,scientists,trump's,environmental,education,nations,economic,refugees,cyber,infrastructure,hong,reuters,uk,europe,africa,united,partnerships,hosted,henry,vulnerable,priority,asia,economic
china,infrastructure,premier,economy,corporation,agreement,warming,economic,mayor,murkowski,ketchikan,roadless,g7,summit,paris,challenges,centre,emissions,risks,paris,british,framingham,salles,partners,henry,funding,tuvalu,lebanon,alaska,diversification
islands,declare,labor,droughts,agriculture,warming,nation's,tide,everglades,paris,adaptation,prince,resilience,impacts,innovation,vulnerable,imports,wang,european,economic,minister,ensure,adaptation,lula,sector,economic,refugees,iraq,abdullah,crops
trump,centre,election,adaptation,centre,trump,caucus,conservation,congress,marine,tribes,mary,organisation,wajir,agriculture,innovation,environmental,southeast,challenges,british,warming,cooperation,warming,immigration,global,delegation,low-lying,indian,united,cressman
western,tuvalu,affordable,southern,biodiversity,rainfall,southwest,warming,coastal,coastal,murkowski,legislature,ksh,risks,united,tackling,challenges,resilience,economy,mayor,mayor,agenda,sustainable,forums,delegation,commitment,shaw,commitment,uae,cooperation
hospital,morrison,scott,rice,sector,immigration,senate,seas,presidential,studies,funding,kauffman,livelihoods,innovative,italy,sustainable,zulkifli,programme,disruption,united,emissions,world's,lula,europe,university,adaptation,relocation,aramco,scenario,breeding
defence,islands,defence,projecting,rainfall,elections,congress,infrastructure,nations,united,northern,juneau,funding,humanitarian,economic,resilience,philippines,migrants,agreement,tackle,campaign,paris,luiz,environmental,tuna,sports,papua,arab,minister,yemen-oman
coalition,councils,warming,kolkata,mumbai,delhi,washington,sustainability,families,youth,mary,american,agenda,funding,camel,economic,economy,kong,summit,emissions,summit,impacts,institute,economic,sports,puna,independent,iran,impacts,xinhua
perth,coral,turnbull,crisis,paris,china,threats,trump,education,western,economy,sullivan,implementation,floods,agenda,summit,enhance,indonesia,james,university,university,agreement,impacts,diplomacy,resilience,pearl,duituturaga,economy,environmental,wording
infrastructure,sustainable,muslim,coastal,institute,livelihoods,conservative,southeast,economic,economy,american,subsistence,farming,vulnerable,trump,european,programme,crisis,impacts,sustainable,election,unsc,ibama,chile,nz,global,paris,crude,ensure,warn
economy,queensland,education,titled,agreement,emissions,scientists,emissions,donald,barrett,ibu,researchers,somalia,united,economy,enhanced,emissions,asia,europe,nations,parliament,summit,economic,brics,fiji,fisheries,kiribati,technologies,coordinator,unusually
turnbull,bushfire,campaign,swaminathan,warming,distress,emissions,democrats,vulnerable,tribal,education,guard,ethiopia,productivity,somalia,economy,education,world's,british,scientists,nations,presidential,deputy,australia,auckland,auckland,governance,russian-saudi,convention,uae
topics,western,peter,resilience,mitigation,agriculture,economic,gulf,inslee,resource,amhs,warming,environmental,nations,quails,threats,agricultural,trump's,world's,researchers,environmental,partnership,conservation,argentina,strengthening,vanuatu,addressing,maldives,commitments,two-day
territory,vulnerable,interstate,migration,emissions,adb,election,agriculture,illegal,nominee,agreement,vetoes,adaptation,ensure,programmes,terrorism,threats,thailand,threats,disasters,tackle,minister,commitments,agriculture,renewable,tuna,violent,locust,agriculture,troika
studies,uninsurable,topics,china,cyclone,adaptation,state's,vulnerable,floridians,dunleavy,vetoes,tribal,renewable,economy,prosperous,rice,sector,terrorism,nations,goldsmith,getty,latinos,cattle-raising,zanini,convention,strengthening,strengthening,environmental,agreement,triggered
leader,projections,senate,yields,scientists,kolkata,mitigation,united,environmental,document,scientists,scientists,mitigation,agreement,cooperation,education,partners,technological,donald,belinda,scientists,economy,silva,western,bishop,hosted,predict,dialogue,worsens,symptom
harbour,labor,scientists,severely,mainstream,indian,economy,tallahassee,texas,villages,kauffman,michael,maize,paris,sector,trump,loong,tackle,demonstrations,trump,economy,de,rio,washington's,ambassador,ambassador,piango,delegation,university,swaths
environmental,impacts,professor,reverse,strengthening,children,american,rick,obama,researchers,delegation,ensure,innovations,northern,partnership,programme,implementing,summit,scientists,pollution,threats,brics,media,warming,agreement,renewable,peacebuilding,us-saudi,solutions,surge
dam,funding,parliament,nuclear,greenhouse,america,protecting,floridians,habitat,republican,walker,dan,impacts,kenyatta,adaptation,partnership,impacts,paris,pakistan,campaign,johnson,authoritarian,illegal,venezuela's,summit,cyclone,organisations,terrorist,sewage-treatment,summit
coal,crisis,economy,mitigation,rs,africa,installations,addressing,flooding,refugees,global,united,vulnerable,herders,youth,nations,hsien,mitigate,intelligence,conflicts,catastrophic,university,elections,united,polynesian,convention,oceans,sheikh,sector,stringent
